<?xml version="1.0" encoding="UTF-8"?>

<application xmlns="http://java.sun.com/xml/ns/j2ee"
             xmlns:xsi="http://www.w3.org/2001/XMLSchema-instance"
             xsi:schemaLocation="http://java.sun.com/xml/ns/j2ee http://java.sun.com/xml/ns/j2ee/application_1_4.xsd"
             version="1.4">

  <display-name>Sample MBean App</display-name>
  <description>Sample app that demonstrates application MBeans</description>
   
    <module>
        <web>
            <web-uri>app.war</web-uri>
            <context-root>/app-context</context-root>
        </web>
    </module>
</application>


