<site>
  <description>WindowBuilder Pro Eclipse is a tool for creation of RCP, SWT, and Swing UI's in Eclipse.</description>
  <category-def name="SWT Designer" label="SWT Designer" />
  <category-def name="Swing Designer" label="Swing Designer" />
  <category-def name="WindowBuilder Engine (Required)" label="WindowBuilder Engine (Required)" />
  <feature url="features/org.eclipse.wb.core.feature_1.6.0.r42x201305211944.jar" id="org.eclipse.wb.core.feature" version="1.6.0.r42x201305211944">
    <category name="WindowBuilder Engine (Required)" />
  </feature>
  <feature url="features/org.eclipse.wb.core.java.feature_1.6.0.r42x201305211947.jar" id="org.eclipse.wb.core.java.feature" version="1.6.0.r42x201305211947">
    <category name="WindowBuilder Engine (Required)" />
  </feature>
  <feature url="features/org.eclipse.wb.core.ui.feature_1.6.0.r42x201305211950.jar" id="org.eclipse.wb.core.ui.feature" version="1.6.0.r42x201305211950">
    <category name="WindowBuilder Engine (Required)" />
  </feature>
  <feature url="features/org.eclipse.wb.core.xml.feature_1.6.0.r42x201305211955.jar" id="org.eclipse.wb.core.xml.feature" version="1.6.0.r42x201305211955">
    <category name="WindowBuilder Engine (Required)" />
  </feature>
  <feature url="features/org.eclipse.wb.doc.user.feature_1.6.0.r42x201305212003.jar" id="org.eclipse.wb.doc.user.feature" version="1.6.0.r42x201305212003">
    <category name="WindowBuilder Engine (Required)" />
  </feature>
  <feature url="features/org.eclipse.wb.layout.group.feature_1.6.0.r42x201305212007.jar" id="org.eclipse.wb.layout.group.feature" version="1.6.0.r42x201305212007">
    <category name="WindowBuilder Engine (Required)" />
  </feature>
  <feature url="features/org.eclipse.wb.rcp.SWT_AWT_support_1.6.0.r42x201305212048.jar" id="org.eclipse.wb.rcp.SWT_AWT_support" version="1.6.0.r42x201305212048">
    <category name="SWT Designer" />
  </feature>
  <feature url="features/org.eclipse.wb.rcp.doc.user.feature_1.6.0.r42x201305212036.jar" id="org.eclipse.wb.rcp.doc.user.feature" version="1.6.0.r42x201305212036">
    <category name="SWT Designer" />
  </feature>
  <feature url="features/org.eclipse.wb.rcp.feature_1.6.0.r42x201305212028.jar" id="org.eclipse.wb.rcp.feature" version="1.6.0.r42x201305212028">
    <category name="SWT Designer" />
  </feature>
  <feature url="features/org.eclipse.wb.swing.doc.user.feature_1.6.0.r42x201305212039.jar" id="org.eclipse.wb.swing.doc.user.feature" version="1.6.0.r42x201305212039">
    <category name="Swing Designer" />
  </feature>
  <feature url="features/org.eclipse.wb.swing.feature_1.6.0.r42x201305212042.jar" id="org.eclipse.wb.swing.feature" version="1.6.0.r42x201305212042">
    <category name="Swing Designer" />
  </feature>
  <feature url="features/org.eclipse.wb.swt.feature_1.6.0.r42x201305212024.jar" id="org.eclipse.wb.swt.feature" version="1.6.0.r42x201305212024">
    <category name="SWT Designer" />
  </feature>
  <feature url="features/org.eclipse.wb.xwt.feature_1.6.0.r42x201305212050.jar" id="org.eclipse.wb.xwt.feature" version="1.6.0.r42x201305212050">
    <category name="SWT Designer" />
  </feature>
</site>
